id,location_id,first_name,last_name,status,created_at
81388126-24c1-44d4-9450-9c9b93c099bf,b3d2a4cd-41c7-4570-806a-5897d52a742f,CrossT,Target,active,2026-04-20T02:24:03.531727+00:00
233f7eab-5e38-4dc3-9ee2-07f72c38c7aa,b3d2a4cd-41c7-4570-806a-5897d52a742f,AuditTest,Tenant-test,active,2026-04-20T02:22:47.240039+00:00
b7f20bdc-2704-42db-ab09-ed4a63f7e7cc,b3d2a4cd-41c7-4570-806a-5897d52a742f,ApptTest,Tenant-test,active,2026-04-20T02:22:45.448855+00:00
90efcbe0-4bcc-49e8-bfdd-009c067496d7,af409ad4-e373-450b-bba1-a011f6c94fc3,Agg-Eas,Tenant-test,active,2026-04-20T02:22:42.754370+00:00
5e58f6a3-046d-459e-903f-7be3cd2e9a07,faba0972-6036-46b5-91dc-2a011fae289b,Agg-Upt,Tenant-test,active,2026-04-20T02:22:42.700727+00:00
75360d5d-55f4-4ed3-af50-eb872ab7c4f3,b3d2a4cd-41c7-4570-806a-5897d52a742f,Agg-Dow,Tenant-test,active,2026-04-20T02:22:42.646651+00:00
7e7b0080-7a01-463b-ad70-eb972386b126,af409ad4-e373-450b-bba1-a011f6c94fc3,FlEs,Tenant-test,active,2026-04-20T02:22:40.834699+00:00
e236b080-2703-4613-9606-7aea9dc97319,faba0972-6036-46b5-91dc-2a011fae289b,FlUp,Tenant-test,active,2026-04-20T02:22:40.776512+00:00
60b9c50e-8ece-40bf-94da-c81a40a2474f,b3d2a4cd-41c7-4570-806a-5897d52a742f,FlDt,Tenant-test,active,2026-04-20T02:22:40.715362+00:00
b1449356-102e-421c-bf9a-c5666225dc47,faba0972-6036-46b5-91dc-2a011fae289b,Up1,Tenant-test,active,2026-04-20T02:22:39.774091+00:00
600fa322-b01b-4827-83ab-b2b65a747e21,b3d2a4cd-41c7-4570-806a-5897d52a742f,GroupOnly,Tenant-test,active,2026-04-20T02:22:37.952932+00:00
b34fa0e5-f1a7-48c5-a2ff-66ae0faf7cf9,b3d2a4cd-41c7-4570-806a-5897d52a742f,CrossT,Target,active,2026-04-20T02:20:05.596968+00:00
f82e95aa-acb0-43cc-9a95-ae2b7da58d39,b3d2a4cd-41c7-4570-806a-5897d52a742f,Avery,Bennett,active,2026-04-20T02:19:04.345633+00:00
f4bc6af6-f44c-4b67-b36e-ea73cf3d3374,b3d2a4cd-41c7-4570-806a-5897d52a742f,Sam,Calder,active,2026-04-20T02:19:04.345633+00:00
4b8926ec-9231-4a0b-a185-b87b5ac5743d,faba0972-6036-46b5-91dc-2a011fae289b,Drew,Patel,active,2026-04-20T02:19:04.345633+00:00
7a7e94ef-c939-4e13-9817-dd6353753048,faba0972-6036-46b5-91dc-2a011fae289b,Quinn,Vasquez,active,2026-04-20T02:19:04.345633+00:00
e53fe707-de8e-4229-b4fb-fe976a3ae9c6,af409ad4-e373-450b-bba1-a011f6c94fc3,Robin,Harper,active,2026-04-20T02:19:04.345633+00:00
385a212a-f362-42bc-a082-e37d8799f6cc,af409ad4-e373-450b-bba1-a011f6c94fc3,Jordan,Okafor,active,2026-04-20T02:19:04.345633+00:00
834736ea-ed72-4e34-98ab-5a1f785d81ce,b3d2a4cd-41c7-4570-806a-5897d52a742f,AuditTest,Tenant-test,active,2026-04-20T02:12:32.949514+00:00
547e5b8d-1c6e-4c91-a9b4-7ed674d5d50d,b3d2a4cd-41c7-4570-806a-5897d52a742f,ApptTest,Tenant-test,active,2026-04-20T02:12:31.132645+00:00
8cb01ecb-3545-46a7-8355-b65326c20c12,af409ad4-e373-450b-bba1-a011f6c94fc3,Agg-Eas,Tenant-test,active,2026-04-20T02:12:28.429311+00:00
0b1e8938-37e9-4229-810b-ab38c849b64a,faba0972-6036-46b5-91dc-2a011fae289b,Agg-Upt,Tenant-test,active,2026-04-20T02:12:28.372864+00:00
63be5c18-58b5-4f8b-afdf-8560ac380091,b3d2a4cd-41c7-4570-806a-5897d52a742f,Agg-Dow,Tenant-test,active,2026-04-20T02:12:28.316857+00:00
10a0c7cd-563a-4ea2-ab80-50f0cbc0297b,af409ad4-e373-450b-bba1-a011f6c94fc3,FlEs,Tenant-test,active,2026-04-20T02:12:26.628598+00:00
d51d7b72-8b56-4752-835e-817d264f401f,faba0972-6036-46b5-91dc-2a011fae289b,FlUp,Tenant-test,active,2026-04-20T02:12:26.568399+00:00
19db12f1-bf80-4aea-ae62-44077f689010,b3d2a4cd-41c7-4570-806a-5897d52a742f,FlDt,Tenant-test,active,2026-04-20T02:12:26.508707+00:00
53fd0109-d82b-42a5-adce-b1091ac8bac9,faba0972-6036-46b5-91dc-2a011fae289b,Up1,Tenant-test,active,2026-04-20T02:12:25.590514+00:00
25513b6e-23d2-428f-b25c-237d11b5dc34,b3d2a4cd-41c7-4570-806a-5897d52a742f,GroupOnly,Tenant-test,active,2026-04-20T02:12:23.710997+00:00
efc4d081-fd76-4dcf-b45c-00d5f3479f12,b3d2a4cd-41c7-4570-806a-5897d52a742f,AuditTest,Tenant-test,active,2026-04-20T02:11:01.837739+00:00
1f490d8a-b7c5-406a-b412-5a128c415183,b3d2a4cd-41c7-4570-806a-5897d52a742f,ApptTest,Tenant-test,active,2026-04-20T02:11:01.196642+00:00
6c6ef308-052c-4fdd-a5b9-55175480421a,af409ad4-e373-450b-bba1-a011f6c94fc3,Agg-Eas,Tenant-test,active,2026-04-20T02:10:58.517013+00:00
e289f147-20a4-4af0-92f4-b8bc6b70656f,faba0972-6036-46b5-91dc-2a011fae289b,Agg-Upt,Tenant-test,active,2026-04-20T02:10:58.460330+00:00
606e1027-c1ba-4d47-a517-7973d2342fff,b3d2a4cd-41c7-4570-806a-5897d52a742f,Agg-Dow,Tenant-test,active,2026-04-20T02:10:58.405047+00:00
3b5726fe-05da-4eda-95f7-49ab123ca0e1,af409ad4-e373-450b-bba1-a011f6c94fc3,FlEs,Tenant-test,active,2026-04-20T02:10:56.725424+00:00
166fee53-63f6-48e0-a5a6-6e06e768fb64,faba0972-6036-46b5-91dc-2a011fae289b,FlUp,Tenant-test,active,2026-04-20T02:10:56.665953+00:00
10c88eec-4e2d-4cf6-88b6-cb0f53b1f828,b3d2a4cd-41c7-4570-806a-5897d52a742f,FlDt,Tenant-test,active,2026-04-20T02:10:56.608808+00:00
1d817d10-a3fd-4fb9-8703-78fbe2f5ee32,faba0972-6036-46b5-91dc-2a011fae289b,Up1,Tenant-test,active,2026-04-20T02:10:55.581292+00:00
31550193-0b71-4c9f-8a8d-af5911f318e6,b3d2a4cd-41c7-4570-806a-5897d52a742f,GroupOnly,Tenant-test,active,2026-04-20T02:10:53.776646+00:00
ed7f25e6-3cd4-4ace-9f1e-e1fe13fbe924,af409ad4-e373-450b-bba1-a011f6c94fc3,FlEs,Tenant-test,active,2026-04-20T02:09:25.860005+00:00
3ece5d65-debb-4759-a45b-211d341c9a67,faba0972-6036-46b5-91dc-2a011fae289b,FlUp,Tenant-test,active,2026-04-20T02:09:25.796516+00:00
73faee24-c8f4-4dd9-ab24-e9633b7da14b,b3d2a4cd-41c7-4570-806a-5897d52a742f,FlDt,Tenant-test,active,2026-04-20T02:09:25.734529+00:00
cf5b4b62-fd64-4d5c-8df9-1d3f1d5ee9a9,faba0972-6036-46b5-91dc-2a011fae289b,Up1,Tenant-test,active,2026-04-20T02:09:24.767641+00:00
1d282486-fa9c-4ca2-b97f-d014c9a8ed2d,b3d2a4cd-41c7-4570-806a-5897d52a742f,GroupOnly,Tenant-test,active,2026-04-20T02:09:22.989608+00:00
1d24cf9c-58ae-43ef-ad37-f45d83b4758b,b3d2a4cd-41c7-4570-806a-5897d52a742f,GroupOnly,Tenant-test,active,2026-04-20T02:05:56.677763+00:00
c2448bda-aa83-4d34-ae8a-045707b25722,b3d2a4cd-41c7-4570-806a-5897d52a742f,AuditTest,Tenant-test,active,2026-04-20T02:04:27.774438+00:00
bdc83f1c-e56b-4259-9bd7-ada0c25a09ee,b3d2a4cd-41c7-4570-806a-5897d52a742f,ApptTest,Tenant-test,active,2026-04-20T02:04:25.964770+00:00
4ee079cf-bc2a-48fc-9dfb-8cedf655149f,af409ad4-e373-450b-bba1-a011f6c94fc3,Agg-Eas,Tenant-test,active,2026-04-20T02:04:23.364797+00:00
ddfc0b37-49f7-4cc4-b003-2783f1de644b,faba0972-6036-46b5-91dc-2a011fae289b,Agg-Upt,Tenant-test,active,2026-04-20T02:04:23.307331+00:00
692d8448-cb07-4a32-9993-70eb9347cea0,b3d2a4cd-41c7-4570-806a-5897d52a742f,Agg-Dow,Tenant-test,active,2026-04-20T02:04:23.253228+00:00
5aee37c5-1576-406e-ae2e-082830ab0247,af409ad4-e373-450b-bba1-a011f6c94fc3,FlEs,Tenant-test,active,2026-04-20T02:04:21.632122+00:00
f524e2ee-7b3d-4a22-81de-f7ff81167fe3,faba0972-6036-46b5-91dc-2a011fae289b,FlUp,Tenant-test,active,2026-04-20T02:04:21.571278+00:00
31b25439-bc9c-49a1-b9be-9819c18fbc14,b3d2a4cd-41c7-4570-806a-5897d52a742f,FlDt,Tenant-test,active,2026-04-20T02:04:21.509162+00:00
35bea00d-59ce-4a3e-a746-60fc40370d87,faba0972-6036-46b5-91dc-2a011fae289b,Up1,Tenant-test,active,2026-04-20T02:04:20.553623+00:00
3667f85f-17e2-4db6-846b-743ebd6c073f,b3d2a4cd-41c7-4570-806a-5897d52a742f,GroupOnly,Tenant-test,active,2026-04-20T02:04:18.778413+00:00
44589794-dc20-4b75-ae3b-5db29394c655,af409ad4-e373-450b-bba1-a011f6c94fc3,Agg-Eas,Tenant-test,active,2026-04-20T02:03:57.834790+00:00
3b08185c-d074-43ff-bf03-d2fffa0350c9,faba0972-6036-46b5-91dc-2a011fae289b,Agg-Upt,Tenant-test,active,2026-04-20T02:03:57.768493+00:00
302e30ff-37b4-4e31-b5a1-8fd7ae59490a,b3d2a4cd-41c7-4570-806a-5897d52a742f,Agg-Dow,Tenant-test,active,2026-04-20T02:03:57.708925+00:00
ba8638c3-4b0d-4f86-89ab-7ffbbc8cbf94,af409ad4-e373-450b-bba1-a011f6c94fc3,FlEs,Tenant-test,active,2026-04-20T02:03:55.933412+00:00
2dc58264-fa39-4720-b862-104ada7f89dd,faba0972-6036-46b5-91dc-2a011fae289b,FlUp,Tenant-test,active,2026-04-20T02:03:55.880028+00:00
97c2688c-37e2-4201-a5fd-9d5f697275ce,b3d2a4cd-41c7-4570-806a-5897d52a742f,FlDt,Tenant-test,active,2026-04-20T02:03:55.821769+00:00
168db135-edb3-4db4-b7f6-879b8c57b125,faba0972-6036-46b5-91dc-2a011fae289b,Up1,Tenant-test,active,2026-04-20T02:03:54.913668+00:00
369d3c8c-6c81-43f6-b701-1e39d1255d40,b3d2a4cd-41c7-4570-806a-5897d52a742f,GroupOnly,Tenant-test,active,2026-04-20T02:03:53.114500+00:00
